time,accelerometer(X),accelerometer(Y),accelerometer(Z)
0.0,0.04967141530112327,0.7226177547531641,9.939935543658601
0.02004008016032064,0.2104334947324085,0.8010700670837652,10.0227751300185
0.04008016032064128,0.49914139290081183,0.41191044322817283,10.034222579769157
0.06012024048096192,0.7693859928498596,0.5148949998586276,10.004823541234536
0.08016032064128256,0.7374498051181256,0.2714342944182682,10.113660443970431
0.1002004008016032,0.8332348347945886,0.1444586671718284,9.996948376033448
0.12024048096192384,1.0563120115677185,-0.021581628980156246,9.921739689232318
0.1402805611222445,0.9602019310235033,-0.20663037435164716,9.762355888165414
0.16032064128256512,0.7658462701034142,-0.26568347197538367,9.695536545894532
0.18036072144288576,0.7451103319188429,-0.4868683961833827,9.48081115497282
0.2004008016032064,0.47899102235632796,-0.48449363598397555,9.675807617751495
0.22044088176352705,0.2800979581134326,-0.5920588947350687,9.637124437801013
0.24048096192384769,0.13159745125507932,-0.6493928772339934,9.94354584091698
0.2605210420841683,-0.30997185525879184,-0.7152582351310927,9.801646260159508
0.280561122244489,-0.5096960899272497,-0.6417864509280733,10.161181311321984
0.3006012024048096,-0.5907211923828638,-0.4313294380513369,10.077807662592145
0.32064128256513025,-0.7993455308247829,-0.3475605679666588,9.999225930221433
0.3406813627254509,-0.7861707917170484,-0.36110586754732843,9.956672428016486
0.3607214428857715,-0.9763534871225368,-0.10250186131508687,9.862790999634338
0.3807615230460922,-1.038872514953047,0.12071177591062786,9.803456306514414
0.4008016032064128,-0.7065410858143097,0.03376573993495416,9.689213344971611
0.42084168336673344,-0.777329703156839,0.3975140502773641,9.495949684966
0.4408817635270541,-0.6020322550919653,0.39773822601180997,9.528539167924547
0.4609218436873747,-0.5668880342258386,0.6126118239127716,9.789671233453163
0.48096192384769537,-0.26770576027100385,0.5357307153313133,9.84843833596918
0.501002004008016,0.022424357869596845,0.44946184821748103,9.85043108731184
0.5210420841683366,0.1201174488193151,0.44534919841242016,9.940025252324956
0.5410821643286573,0.4818327967607199,0.5527034588301011,10.043821663799864
0.561122244488978,0.5652192343596478,0.4790950921531171,10.131189946638115
0.5811623246492986,0.737688205630178,0.2393340589043999,9.938562022806
0.6012024048096192,0.7998846195966591,0.24946476257327463,9.926291874622663
0.6212424849699398,1.084224698189919,-0.136415513367898,9.658601606226167
0.6412825651302605,0.879876046135797,-0.1346164206873354,9.7324896106868
0.6613226452905812,0.7020919350371428,-0.39877965434101975,9.651075958129955
0.6813627254509018,0.7657911959500403,-0.47501407683178454,9.484886909706413
0.7014028056112224,0.3940054898633408,-0.5113891072904134,9.703713983473055
0.721442885771543,0.33697212767971085,-0.675909114683573,9.49985313866895
0.7414829659318637,-0.09982542292511451,-0.6648506609172955,9.596207634674139
0.7615230460921844,-0.26268623197576996,-0.5227773726548429,9.899550270246028
0.781563126252505,-0.3279980941937587,-0.6387801312166865,10.097125211609779
0.8016032064128256,-0.4697206881069216,-0.4185482299573243,10.228330526219306
0.8216432865731462,-0.6880230075062417,-0.5044388285480351,10.017014060787787
0.8416833667334669,-0.8338325437059674,-0.20314288065907754,10.10844134000493
0.8617234468937875,-0.9176136707801866,0.03953580176973362,9.88457918770709
0.8817635270541082,-1.044603441867922,-0.19368331169686698,9.73706176786042
0.9018036072144289,-0.9214125599668161,0.128519983997404,9.719928835423943
0.9218436873747494,-0.7945832184560622,0.4075103142606717,9.615866204820014
0.9418837675350701,-0.4946784013813939,0.4490250239829975,9.373997861496838
0.9619238476953907,-0.3800247745127961,0.5963632207764964,9.726944376204992
0.9819639278557114,-0.37854525380205806,0.5534893016644414,9.819767770708992
1.002004008016032,0.05507079808760271,0.6384592198010377,9.751036859092805
1.0220440881763526,0.20762816775266943,0.5904143459859899,9.98163201287603
1.0420841683366733,0.38639081499651684,0.6607140678052963,10.08463352913737
1.062124248496994,0.6945516927869467,0.4730178516824322,10.096055336991961
1.0821643286573146,0.875828389343053,0.35674087495745727,9.98266119986387
1.1022044088176353,0.9564536854846871,0.13682270437968633,9.879200472100836
1.122244488977956,0.8155387455613058,-0.026950114709121883,9.816128107294428
1.1422845691382766,0.8479321274714758,-0.17902110792856513,9.803636919807486
1.1623246492985972,0.8359306075598265,-0.24533119522169297,9.636626952678329
1.1823647294589177,0.7736652232154677,-0.4579210190182123,9.495184191668585
1.2024048096192383,0.4588476707654615,-0.49165931485697023,9.625893149678923
1.222444889779559,0.2868845913623049,-0.3850668719918672,9.342753277702384
1.2424849699398797,-0.025766785354186958,-0.5400803582042808,9.864183433677294
1.2625250501002003,-0.2606914959070422,-0.6548149533532592,9.709624860326779
1.282565130260521,-0.2768564230063396,-0.4578590493015927,9.960879716301127
1.3026052104208417,-0.41693206994132237,-0.5380942507207483,9.949727099510152
1.3226452905811623,-0.7193464649590996,-0.5890343875854532,9.931802374966502
1.342685370741483,-0.7264562496263602,-0.34966427782373316,10.112040986028749
1.3627254509018036,-0.8531512110407395,-0.28386963367704304,9.835208140346694
1.3827655310621243,-0.9602301407606475,0.026229385480097414,9.782288637373494
1.4028056112224447,-0.8094760823023255,0.21752157835693034,9.621610644625546
1.4228456913827654,-0.5883642788688217,0.5240164436950556,9.595810368164166
1.442885771543086,-0.5954835873470526,0.5072768507279273,9.540151900138513
1.4629258517034067,-0.24782992677532312,0.5409465907968889,9.454977226672584
1.4829659318637274,-0.45315743475857007,0.6985622388803222,9.787534916972252
1.503006012024048,0.11617936082181479,0.4084370411614481,9.771003259670838
1.5230460921843687,0.265721668123915,0.6273260771542998,9.792130141865641
1.5430861723446894,0.4339303074306712,0.6169770401212666,9.995681801098625
1.56312625250501,0.6505606821487552,0.29409910718728266,10.22004253619854
1.5831663326653307,0.5797198897865203,0.4305196934030041,10.119413591901155
1.6032064128256511,0.8444920014613141,0.20423670335553923,9.905738059220084
1.6232464929859718,0.9354927680973876,-0.02764772680260852,9.776969396490118
1.6432865731462925,1.0241310280564162,-0.080222425934504,9.64806929508507
1.6633266533066131,0.7457911983720772,-0.06476034886086707,9.785990385228416
1.6833667334669338,0.587728161916678,-0.40356212367123584,9.56964903692002
1.7034068136272544,0.44718428474309985,-0.5002400236117165,9.594294763289207
1.723446893787575,0.3863069939607418,-0.6411882605652274,9.735923043571761
1.7434869739478958,0.10645349039200833,-0.7128755491782964,9.779879667813098
1.7635270541082164,-0.20522769419503856,-0.5378863162644315,9.86413016043246
1.783567134268537,-0.31715027296058695,-0.6603866853780372,9.98207224749993
1.8036072144288577,-0.5517494394809447,-0.48522051956459683,10.05612434021488
1.8236472945891782,-0.6221536637299458,-0.42668039466781604,10.055750648242732
1.8436873747494988,-0.9014255861254956,-0.19365055758778976,10.063982044267904
1.8637274549098195,-0.9237515439964694,-0.05557826667098775,9.880669087924007
1.8837675350701402,-0.933753891329013,0.1730245922619274,9.814249213754138
1.9038076152304608,-0.9880205731498602,0.17211413647345766,9.613081056417345
1.9238476953907815,-0.7060868348522016,0.33589832870494163,9.55360191269216
1.9438877755511021,-0.5572119726322521,0.3818870495373722,9.333651932189884
1.9639278557114228,-0.39362653668826475,0.5219460897286232,9.67903276082758
1.9839679358717435,-0.203553012649257,0.6549879866727722,9.728777765946989
2.004008016032064,-0.09622664339251852,0.7048999525577376,9.926952794315566
2.024048096192385,0.2257922457417233,0.5092349168033211,9.663805745345178
2.0440881763527052,0.4392340801216207,0.6227201748233968,10.250442352538041
2.064128256513026,0.569055729759651,0.5718334118125156,10.055814990299174
2.0841683366733466,0.7679731305303859,0.3506013365995275,10.14176076122524
2.1042084168336674,0.9098604197132389,0.3504162914370125,9.830763979392053
2.124248496993988,1.0885784581529505,-0.07142949920873852,9.866376666572444
2.1442885771543083,0.8911487236941545,-0.2756786549514804,9.56883597722939
2.164328657314629,0.8180607565669826,-0.4767086165460471,9.512127922820538
2.1843687374749496,0.6534937426217255,-0.27800363005864254,9.722238792849243
2.2044088176352705,0.2959989081188972,-0.46396755226520114,9.534947398855977
2.224448897795591,0.2813849539695488,-0.6033614821240467,9.660031114616741
2.244488977955912,0.0683014023060111,-0.6004929842059543,9.849729315609794
2.2645290581162323,0.0829158358723108,-0.7320776566049089,9.945983604837988
2.284569138276553,-0.39802270353961705,-0.32690983779368016,10.021204631162165
2.3046092184368736,-0.5401145654956397,-0.47446739095858487,10.101203980324447
2.3246492985971945,-0.7292480529075716,-0.36160781138186726,10.29785223365371
2.344689378757515,-0.952367031894771,-0.16162647485820075,9.980596730198592
2.3647294589178354,-0.778232302291181,-0.03298348793750514,9.889032780319985
2.3847695390781563,-0.8180328580141717,0.09953788169999724,9.839435027014881
2.4048096192384767,-0.7584858765820705,0.15146899281550757,9.726668736607962
2.4248496993987976,-0.8200518936092969,0.4164882339346319,9.662234773802126
2.444889779559118,-0.4343621030217555,0.6730691143730485,9.598516332622644
2.464929859719439,-0.524104089985584,0.7043463963460641,9.477357867789221
2.4849699398797593,-0.1102914118196984,0.7781149933983875,9.86375989363348
2.50501002004008,0.27567013007359414,0.5776302853120641,9.719272890920756
2.5250501002004007,0.17960049483555682,0.5000824378744377,9.989240481846942
2.5450901803607215,0.42647517611480146,0.5189650108102183,9.969135646885801
2.565130260521042,0.667044504646895,0.4360848429029246,10.06299643582989
2.5851703406813624,0.7392547412292222,0.41174152399354413,10.060223329026508
2.6052104208416833,0.7172472868026044,-0.014185906328097797,9.960956137755822
2.6252505010020037,0.9068518383435782,0.15097186551014882,9.840492226900567
2.6452905811623246,0.7646713704226966,-0.17470257243937642,9.82957318478721
2.665330661322645,0.8342268416402145,-0.34848427657829,9.616190480042675
2.685370741482966,0.5612519342129398,-0.5346100155882442,9.505970851716452
2.7054108216432864,0.6333081603290828,-0.6991478863011467,9.653305388430537
2.7254509018036073,0.1949355390259811,-0.5179420223016546,9.762730555966554
2.7454909819639277,0.01876235764312187,-0.6216571407205109,9.646707191358077
2.7655310621242486,-0.09318744759495934,-0.7470354725386563,9.962475321696639
2.785571142284569,-0.5121225747224801,-0.6976090397604383,10.08060478390612
2.8056112224448895,-0.5562449981613729,-0.5159030717214181,10.03620707773578
2.8256513026052104,-0.6017062452731989,-0.19921871360567506,10.192955857915903
2.845691382765531,-1.0003940386499468,-0.252779737703145,9.966374390880445
2.8657314629258517,-0.8754389484544062,-0.22352578479594581,9.874885189488115
2.885771543086172,-0.8657793504668676,0.060441822625182544,9.710488406246833
2.905811623246493,-0.7551939813898636,0.21060819612760975,9.612754087892192
2.9258517034068134,-0.8461069074496711,0.10604975263349431,9.43186022486819
2.9458917835671343,-0.6979201230719718,0.48446354843513595,9.391977809310553
2.9659318637274548,-0.3214450600131904,0.550049574992456,9.75549935206321
2.9859719438877756,-0.12813468526467645,0.6898572534370211,9.622071578878048
3.006012024048096,0.09297901165781876,0.8130985389671992,9.741502339590552
3.0260521042084165,0.32405211837374065,0.70919591819645,9.749082760041546
3.0460921843687374,0.42462530028086837,0.5003546801063943,9.983470315856096
3.066132264529058,0.6879964725764613,0.3140342309050018,9.936566760549155
3.0861723446893787,0.8242849713139236,0.552674946600813,10.187809039074363
3.106212424849699,0.8035984829058341,0.15328166241084493,10.023786277090622
3.12625250501002,1.0864659748981693,-0.008522509960770397,9.72268707033821
3.1462925851703405,0.9153577560406283,-0.168977696149781,9.887553743125084
3.1663326653306614,0.6621743759124186,-0.2928987889411195,9.665491154510436
3.186372745490982,0.7110021811530984,-0.4535584227166765,9.497625211520813
3.2064128256513023,0.3712094085135051,-0.5952019114704545,9.30999129806853
3.226452905811623,0.3411505311990099,-0.6573058723325222,9.878472509638685
3.2464929859719436,0.15551011430727113,-0.6326636319292774,9.637275518575686
3.2665330661322645,-0.2677105227874491,-0.6707945032329238,9.744450188533841
3.286573146292585,-0.3028863863862056,-0.6359117979476268,10.116935840115499
3.306613226452906,-0.5463427946186702,-0.46654020144264075,10.311025554559556
3.3266533066132262,-0.6567420277594477,-0.3851341164885028,10.191525006005687
3.346693386773547,-0.6539797822500558,-0.06900280772522327,10.032677178198934
3.3667334669338675,-0.9196871726107446,-0.3304239413712502,9.915168121452215
3.3867735470941884,-0.9655413295211768,0.20201998509445912,9.806608934630606
3.406813627254509,-0.9179827810622214,0.369815472291167,9.682288812891764
3.4268537074148293,-0.797177018211665,0.174736840897162,9.567726803212103
3.44689378757515,-0.564727843712824,0.46057297588513546,9.547910022982647
3.4669338677354706,-0.3291850132834391,0.5392467086604037,9.594309356351937
3.4869739478957915,-0.11899508036550871,0.4808273982098321,9.637781351886119
3.507014028056112,0.1619424407301015,0.5497727387157063,9.819282438089717
3.527054108216433,0.3014147725695537,0.48288374761710773,9.800466657109524
3.5470941883767533,0.6474258997836873,0.6980868479486919,10.040178917890804
3.567134268537074,0.6458917580376293,0.5123617991714993,9.9693115895772
3.5871743486973946,1.0722440181393333,0.4154642453497165,9.909367224488857
3.6072144288577155,0.9401816219641187,0.21180292459800648,9.934700258039074
3.627254509018036,0.8139230781194604,-0.13075131694534287,9.923909675855358
3.6472945891783564,0.7578203231729366,-0.22665421082469905,9.748337244652038
3.6673346693386772,0.8238652221534035,-0.2706313261153697,9.406889660064675
3.6873747494989977,0.6150506878147679,-0.5669883451603039,9.431038524084075
3.7074148296593186,0.5303661741070392,-0.47062408820016866,9.657196426806568
3.727454909819639,0.29890542693493904,-0.6289178730719251,9.556819775923644
3.74749498997996,0.02104342588104357,-0.6671699666801079,9.760549314752517
3.7675350701402803,-0.28139535169824265,-0.5436709373873464,9.970180905014361
3.787575150300601,-0.5608332829897651,-0.5166374267609826,9.921899498952582
3.8076152304609217,-0.6408091137793634,-0.5080628081366727,10.078505398999452
3.8276553106212425,-0.6597185307700688,-0.23716192442270395,9.917247218948026
3.847695390781563,-0.826129313385147,-0.3200551582245974,9.91094402552358
3.8677354709418834,-1.0208263441708787,0.00416148638613352,9.881000706027125
3.8877755511022043,-0.8711085719379037,0.16001787259222675,9.555489724192494
3.9078156312625247,-0.7860232307772764,0.2215398326806986,9.64576597353654
3.9278557114228456,-0.7970524324290098,0.4209660373048225,9.535928937384043
3.947895791583166,-0.5327000607451763,0.37460062311346065,9.59441239523218
3.967935871743487,-0.3470827336314412,0.6719498804735542,9.627606376401921
3.9879759519038074,-0.24976894490367946,0.6043317565082003,9.856057009591904
4.008016032064128,0.1262846804668296,0.5745340877296705,9.86655074005831
4.028056112224449,0.3668527402705516,0.6961500051634566,9.932054695842545
4.04809619238477,0.6197427348660106,0.44795879212077727,10.064730473804223
4.06813627254509,0.7852173860677784,0.27198857055502057,10.121625401704648
4.0881763527054105,0.6675826700708472,0.12556987812627127,10.020591455867546
4.108216432865731,0.7862745041085448,0.19249047394939697,9.914602274001968
4.128256513026052,0.9507500371031635,-0.15381694632624718,9.707727317391512
4.148296593186372,0.9130861498988595,-0.006332143848221727,9.584501911514446
4.168336673346693,0.8213130338022374,-0.5345725741725438,9.4204540067602
4.188376753507014,1.0146192052853258,-0.28071259318911546,9.705023221034832
4.208416833667335,0.5062709580846632,-0.524824485531796,9.442070642086888
4.228456913827655,0.35423793510067675,-0.6167260978667573,9.59156016747723
4.248496993987976,0.11239776323660623,-0.6843795416755462,9.717962540327791
4.268537074148297,-0.14261935533927456,-0.5730707625569037,10.01078072540146
4.288577154308617,-0.450935145974853,-0.561174812455105,9.99315541282542
4.3086172344689375,-0.5287029098963223,-0.3563441427546729,10.193489656857414
4.328657314629258,-0.8289331251533698,-0.3350746684279315,9.980693799400283
4.348697394789579,-0.8749657826231331,-0.18943176474537005,9.993666238061902
4.368737474949899,-0.9457508299076975,-0.08588930373030917,9.758786544723721
4.38877755511022,-0.8783573463006323,0.10283566459360755,9.922879766068737
4.408817635270541,-0.588482013558281,0.2905221453022845,9.47840694494608
4.428857715430862,-0.8883515515092795,0.22355119532256845,9.567326061505725
4.448897795591182,-0.4704145566333223,0.369684457099101,9.60437998602129
4.468937875751503,-0.5037226361578052,0.6569380868650366,9.65136469057429
4.488977955911824,-0.17145137810921618,0.641053171045723,9.707630315373937
4.509018036072144,0.2106684834574743,0.607560661352302,9.847690301506388
4.529058116232465,0.3278127220452966,0.5903064866395027,9.984498334398895
4.5490981963927855,0.412947165293433,0.548602500568624,10.040128241575355
4.569138276553106,0.6156787645666909,0.3528340195636932,10.162638902045869
4.589178356713426,0.8783042028877964,0.19628179447656346,10.23260025084671
4.609218436873747,0.809322937087699,0.14370685451113788,9.848556086833424
4.629258517034068,0.9203574748064794,-0.1315350737471657,9.634177225203235
4.649298597194389,0.8629261010899879,-0.1485668389873484,9.636344838706743
4.669338677354709,0.6987164656018358,-0.5033970990524403,9.815612025385615
4.68937875751503,0.8355897752723636,-0.35295392992826646,9.44993347928132
4.709418837675351,0.5027183759606556,-0.5025822310997382,9.733854406361557
4.729458917835671,0.027228660162532115,-0.5835250210916401,9.834491182929792
4.749498997995992,0.024311593220161257,-0.5317184160527104,9.741241546159614
4.7695390781563125,-0.28494668842977344,-0.4445571836427781,9.984222272599876
4.789579158316633,-0.3441580538896889,-0.45223354515991504,10.189265284245309
4.809619238476953,-0.6921982628027235,-0.6453959045484103,10.031379869347107
4.829659318637274,-0.7692972708005454,-0.4678027230219735,10.024920621482737
4.849699398797595,-0.8043954612816606,-0.25942449764300546,9.902179640442768
4.869739478957916,-0.811458715546953,-0.039007133252168036,9.734117476168617
4.889779559118236,-1.0045519393064914,0.1681014022439734,9.637070965452265
4.909819639278557,-0.8486608965432184,0.1943738980744638,9.470349675055703
4.929859719438878,-0.7419666675751982,0.4193974537030748,9.53837080939346
4.949899799599198,-0.595256041000839,0.4336757381382258,9.466008117747283
4.969939879759519,-0.1553987746273195,0.5244320258291104,9.638253689016356
4.98997995991984,-0.07252659631265707,0.484346247758274,9.57713245792478
5.01002004008016,-0.013063628024756274,0.5326890328320062,9.900366000676303
5.03006012024048,0.4237303933608908,0.4504153455666762,10.068477798323606
5.050100200400801,0.7421387374447224,0.4116267060758292,9.857620994889707
5.070140280561122,0.7977186625142145,0.5060849569161533,10.102443194417223
5.090180360721443,0.6632737763637203,0.1720083905066188,10.130023197515404
5.110220440881763,0.8360988913142855,0.37957370668081203,9.777037178172025
5.130260521042084,1.0247253498826274,0.007715551814836123,9.931664089445867
5.150300601202405,0.7841272426178297,-0.1784590275039472,9.681554169098975
5.170340681362725,0.8022055694684875,-0.42568080436651456,9.48422015693119
5.190380761523046,0.690409594302395,-0.3912774934743416,9.525130448788374
5.210420841683367,0.3367083402115068,-0.6112343342855039,9.629407069319717
5.2304609218436875,0.21281550634675894,-0.5989036466244989,9.680276574459892
5.2505010020040075,-0.32979289575011494,-0.3739790606203823,9.857275228914219
5.270541082164328,-0.33218168296170525,-0.6187339844954958,9.841211539169908
5.290581162324649,-0.4645832888681667,-0.43491464671247637,10.046993356586459
5.31062124248497,-0.7459736845363175,-0.5261871361734187,9.928327614231211
5.33066132264529,-0.6006353699692448,-0.3366375876783626,10.031236302244952
5.350701402805611,-1.0013830548956664,-0.012312050995251816,9.86443619231166
5.370741482965932,-0.9427160645179806,-0.09639450176443784,9.75528948257988
5.390781563126252,-0.8692855425308069,0.3053671848010508,9.81930405218685
5.410821643286573,-0.6662170990877248,0.3448874605623315,9.69758306137186
5.430861723446894,-0.8307953506106305,0.3505633100052037,9.594662821724341
5.4509018036072145,-0.40440526787087117,0.5770851039380073,9.43594028179454
5.4709418837675345,-0.32036141403380763,0.6857185382956322,9.588241967829529
5.490981963927855,-0.19992428886554348,0.6881399912092887,9.860637398518183
5.511022044088176,0.17046853895659553,0.46694415524388366,9.888012610102281
5.531062124248497,0.362357018596183,0.5098979598802793,10.221948173169029
5.551102204408817,0.47901888795488545,0.47975113575452644,10.098329486011357
5.571142284569138,0.7086052407491038,0.3871246916782287,10.082860921165985
5.591182364729459,0.7814165105394539,0.32180917816814913,9.971921566730721
5.611222444889779,0.8978964947643875,0.12630032705904712,9.904989237186838
5.6312625250501,0.9634275425768927,-0.18306251837992618,9.742431766312256
5.651302605210421,1.0098856035636687,-0.1664421557909586,9.705044045829341
5.671342685370742,0.6278690538169338,-0.2854388587657468,9.647627369854792
5.691382765531062,0.8179031694112837,-0.41069528616321593,9.452685604359166
5.7114228456913825,0.22419944155858348,-0.44933326965715237,9.444226323989595
5.731462925851703,0.19257997096630652,-0.5295921585372187,9.495091174982651
5.751503006012024,0.04183413376116967,-0.5839696250718076,9.860995865806546
5.771543086172344,-0.212582184309097,-0.614071357825586,9.828812652125785
5.791583166332665,-0.5114518589973964,-0.7120223256036607,9.818253975078733
5.811623246492986,-0.6501582812555825,-0.40739640810485983,10.10879231373696
5.831663326653306,-0.819108358637507,-0.30561086466787085,10.288585417803116
5.851703406813627,-0.920644030502053,-0.15465367832713672,9.948600905576482
5.871743486973948,-0.8142863006801951,-0.15344886865864843,9.905922591272978
5.891783567134269,-0.8443554595035532,0.023783824774003745,9.69763983097318
5.911823647294589,-0.8746405663926324,0.38654808081193726,9.574405585845922
5.9318637274549095,-0.5898771933209701,0.40887918480570534,9.62461204949777
5.95190380761523,-0.4807076584608255,0.5865432309123138,9.51847182208014
5.971943887775551,-0.2294880757498423,0.5940809201928112,9.651743981452116
5.991983967935871,-0.027543060239650793,0.6297820037311483,9.778141490826076
6.012024048096192,0.05257241402839921,0.7166503507501001,9.81354798804117
6.032064128256513,0.2968855014563343,0.5279427057311296,10.093989271958193
6.052104208416833,0.6228019318520467,0.509324058446094,10.043340624539995
6.072144288577154,0.7697037153522364,0.34212520621011244,9.986532766774008
6.092184368737475,0.8224648093537409,0.209044853868873,10.051932484616545
6.112224448897796,0.9001594028539003,0.06979053444852305,9.795364104275235
6.132264529058116,1.0240189558785238,-0.03521869714490958,9.753795603124054
6.152304609218437,0.788381548914588,-0.2598236876309483,9.628007310416885
6.1723446893787575,0.8000681483194186,-0.22751929220177788,9.657939788143313
6.192384769539078,0.5759383533292752,-0.5614269217767132,9.579501974903142
6.212424849699398,0.3875804401984719,-0.579750922325717,9.578763359686535
6.232464929859719,0.3065936650901254,-0.6587400400351124,9.766600934808123
6.25250501002004,0.05421531775207655,-0.48499009748977495,9.956008125149511
6.27254509018036,-0.17023070087750417,-0.5852298556049574,10.000712515357703
6.292585170340681,-0.3284182439823934,-0.43873947727054563,10.037915953976592
6.312625250501002,-0.6352965821840695,-0.5933316015748119,9.938815039023877
6.332665330661323,-0.7074226834995865,-0.29286375565123834,9.929548913265474
6.352705410821643,-0.8959362486383904,-0.08523910463438523,9.912971945512734
6.372745490981964,-0.8672221985122442,-0.009617740896085088,9.754339332563182
6.3927855711422845,-0.8906291926243874,0.24618375570021508,9.664592026777733
6.4128256513026045,-0.7905275049811046,0.23657989084025666,9.585938836279281
6.432865731462925,-0.6128417388177408,0.5597287038753056,9.584798575143383
6.452905811623246,-0.5838945603913118,0.7527496159682505,9.542937241623813
6.472945891783567,-0.09087585581321508,0.5576574761197253,9.67888782585356
6.492985971943887,-0.17982585397648648,0.5830041553347156,9.759097495704609
6.513026052104208,0.02524529901972672,0.7669170153933855,9.689275532591822
6.533066132264529,0.4791112981151062,0.7343480098330553,9.905497791476234
6.55310621242485,0.6361839421677036,0.4425557325778455,10.048101331840382
6.57314629258517,0.7780079714203262,0.3400571824284008,9.939422864900726
6.593186372745491,0.8918658890260953,0.21702849215535627,10.053596919086536
6.613226452905812,0.8889430358007357,-0.04157575120121175,10.0318077044818
6.633266533066132,0.8054229238618763,-0.1571921551803568,9.866183497884059
6.6533066132264524,0.8512395363348246,-0.3198161832586961,9.602369446713285
6.673346693386773,0.671231872607688,-0.43641615125682764,9.69597488953036
6.693386773547094,0.6851328606540984,-0.4806517129505065,9.547816431794583
6.713426853707414,0.3845182611604336,-0.5412057464262549,9.55161260597366
6.733466933867735,0.10309257127303124,-0.46140197683813894,9.629669670416375
6.753507014028056,-0.07178914057181927,-0.7292237089815571,9.793520266099137
6.773547094188377,-0.22114892539719191,-0.5041877383608269,9.911804065766262
6.793587174348697,-0.5250500308166255,-0.5592345952049856,10.05710975268166
6.813627254509018,-0.727568859846351,-0.444068752489531,10.085949048233315
6.833667334669339,-0.7569360044834869,-0.24522531580125118,10.032989996204071
6.853707414829659,-0.8434778068385745,-0.27883738959501786,9.98138365438399
6.8737474949899795,-0.9505828413208065,0.02832553546633248,9.92756252262266
6.8937875751503,-0.9221374552703072,0.16400503983068998,9.772150845387785
6.913827655310621,-0.771772730248291,0.3445840926766431,9.427902680094286
6.933867735470941,-0.809579537010105,0.45360368616994173,9.275732146619902
6.953907815631262,-0.6333741498763874,0.7727735631529601,9.646065500498876
6.973947895791583,-0.3612517195492909,0.5327654168165417,9.49889035875654
6.993987975951904,-0.0892744417944202,0.5751032339724825,9.736881885274547
7.014028056112224,0.18892390914777857,0.5579225643132049,9.776220983684176
7.034068136272545,0.5211748382698314,0.5175953160972997,9.823753110501285
7.054108216432866,0.6516404240837426,0.4261543223562673,10.118163375250496
7.074148296593186,0.7064179833655061,0.49464007003842,10.134427782472558
7.0941883767535066,0.831474647777324,0.3799309779013652,9.931152776793287
7.114228456913827,0.7915146934279278,0.027941499658836827,9.613100182110296
7.134268537074148,0.8920510207083988,-0.15644704679455054,9.683048011033799
7.154308617234468,0.8107798513018142,-0.17967904692813705,9.657800450956563
7.174348697394789,0.764692376735257,-0.4213431705627053,9.396723666537849
7.19438877755511,0.49626789726656184,-0.41903142001684934,9.552372563906136
7.214428857715431,0.44097079450320004,-0.5478088604689474,9.58798150540767
7.234468937875751,0.32781306063219473,-0.7696137940642727,9.755193835248452
7.254509018036072,-0.061844524109364404,-0.47423841730634564,9.842490063969635
7.274549098196393,-0.23308969604971258,-0.42067131338829356,9.858909598837755
7.294589178356713,-0.4093003206562031,-0.5949410881630146,10.162760478564746
7.314629258517034,-0.6933164048248964,-0.4721697340558313,10.05376052745179
7.3346693386773545,-0.7644583503956526,-0.2772096305110603,10.026432496157732
7.354709418837675,-0.8696425017171265,-0.12545610358277803,9.838471146211338
7.374749498997995,-0.8902279310080923,0.06387126083135845,9.757371623403822
7.394789579158316,-0.9496146082947654,0.3560810105200161,9.582699312386518
7.414829659318637,-0.787151289214953,0.28462764939703766,9.555358306011502
7.434869739478958,-0.607279539013589,0.35068262722020754,9.701760577525047
7.454909819639278,-0.3379905882955783,0.39361178001872876,9.418246653819129
7.474949899799599,-0.18272704474011225,0.5259499159061022,9.479666924889285
7.49498997995992,0.1586936782585518,0.6254391556678024,9.913209602526733
7.51503006012024,0.09224236491090991,0.798252117086228,9.878650891881437
7.535070140280561,0.47115104737841695,0.5180432618269514,9.941434367071738
7.5551102204408815,0.5929757346891923,0.5072454598894398,10.169347158319882
7.575150300601202,0.948093441451584,0.3676991086137633,9.995906702780228
7.595190380761522,0.7567592427508548,0.34935576570485627,10.166484828042536
7.615230460921843,0.8092539770647703,0.3298427218594538,9.933422999719813
7.635270541082164,0.8325753191982831,-0.1341712884031966,9.682285983536952
7.655310621242485,0.6231096557018375,-0.2831470814998913,9.829372211424602
7.675350701402805,0.6732013737689795,-0.2681312031354414,9.481917832569788
7.695390781563126,0.4943560335736346,-0.4192003601934745,9.609501657123108
7.715430861723447,0.3938259857091267,-0.386814303181759,9.623766517392843
7.735470941883767,0.1975839729539507,-0.5611359333424726,9.833758712899145
7.755511022044088,0.12533870260968455,-0.6644190559166425,9.993428577131766
7.775551102204409,-0.18899395769585825,-0.5387375319637722,9.964912587607806
7.7955911823647295,-0.545566395215038,-0.41853375984231783,9.97064257403307
7.8156312625250495,-0.7507798013331728,-0.34555984308782833,10.11516155683135
7.83567134268537,-0.7431138003440521,-0.24810918854489422,9.957723644134676
7.855711422845691,-1.0057142631130325,-0.04454571566143063,10.127161191205914
7.875751503006012,-0.7168139914464621,0.12287897974618076,9.808554257042093
7.895791583166332,-0.7515113219596583,0.30095260928495343,9.628713272764191
7.915831663326653,-0.8310192669074625,0.37412883503611516,9.587525551035004
7.935871743486974,-0.8205969095909059,0.4195578179003312,9.395513417932342
7.955911823647294,-0.3381182943577682,0.550430951456158,9.461233714088966
7.975951903807615,-0.2793107625435314,0.7221023458719171,9.766610107629893
7.995991983967936,0.07847120038480926,0.5475075237944782,9.707158788773253
8.016032064128256,0.02065153343229184,0.654125268255579,9.801179983374611
8.036072144288577,0.33420038005712094,0.5270415345035027,10.066265281895392
8.056112224448897,0.5838418698220488,0.482637903409091,10.185098414823205
8.076152304609218,0.7403969219351327,0.49073100849500934,10.126156937405959
8.09619238476954,0.7966625311887223,0.24222568316092558,10.078452054152383
8.11623246492986,0.9568280692505466,0.07391425265175544,9.783335285110477
8.13627254509018,0.7842232863984356,-0.22493009129766256,9.58234443398255
8.1563126252505,0.8169823282356389,-0.16692318355969368,9.758914275291351
8.176352705410821,0.7310477259544369,-0.3143662318771854,9.508259144222075
8.196392785571142,0.6129010778216271,-0.27605167095598815,9.51163223219821
8.216432865731463,0.4396385040808185,-0.6055561262824484,9.731112181776476
8.236472945891784,0.03978746463455525,-0.5990048651524611,9.765588625925535
8.256513026052104,-0.2269897964996073,-0.6029527438607414,9.889588025297718
8.276553106212425,-0.1669991000006853,-0.43750684263485506,10.183605536321535
8.296593186372744,-0.46412858790357464,-0.5345916354804544,9.984357578391881
8.316633266533065,-0.7434261758616449,-0.39384659660005705,10.161328521111264
8.336673346693386,-0.6425030226471846,-0.23103998366965947,10.027385725617382
8.356713426853707,-0.8647741601529756,-0.12483970022950623,9.946626427679524
8.376753507014028,-0.7818517925398303,-0.030762296867582063,9.940951675719296
8.396793587174349,-0.8597073421040545,0.18979606189592774,9.710180302968093
8.41683366733467,-0.5724019887584116,0.4235074640682876,9.61943819021516
8.436873747494989,-0.46585052025089424,0.3393062018241538,9.637284176595873
8.45691382765531,-0.48872745732517725,0.5531874881472524,9.52501140985049
8.47695390781563,-0.15985986620467882,0.5337525398495224,9.568290701534476
8.496993987975952,0.030548484574217938,0.7490552349547208,9.675140162610925
8.517034068136272,0.3280460801028262,0.4633029902835965,9.715456106034862
8.537074148296593,0.30780194629870655,0.506964458950619,10.222344263902588
8.557114228456914,0.6605061294358957,0.5123053008579666,9.957209452395345
8.577154308617233,0.8480103842003659,0.5129251153909732,10.029768352199575
8.597194388777554,0.6697416942108486,0.20910471433068975,9.946015967497653
8.617234468937875,0.7773923140335568,0.005860781214913742,9.883102420580492
8.637274549098196,0.6853915957694939,0.0913252653696068,9.799595460776054
8.657314629258517,0.7998688559711099,-0.3936570367736122,9.690089041545082
8.677354709418838,0.783899678380669,-0.60510252972967,9.480421733604517
8.697394789579159,0.702791778008006,-0.4532852684132608,9.521593739648594
8.71743486973948,0.3655184832877352,-0.6281858639532489,9.631134184607392
8.737474949899799,0.3039323880561166,-0.7243358818495451,9.69153464917705
8.75751503006012,-0.22287685786789108,-0.5563571838175156,10.01142769396191
8.77755511022044,-0.475788732964189,-0.5682268804792946,10.021489955398428
8.797595190380761,-0.5123198644396394,-0.5770446636202906,10.124764499990892
8.817635270541082,-0.6377041656092981,-0.5438530108032777,10.134042501989548
8.837675350701403,-0.806073739228878,-0.19753067663150992,10.135080448529648
8.857715430861724,-1.0855975750605844,-0.07074517135073889,9.931738137988825
8.877755511022043,-0.9083725018348492,0.01189292132017715,9.651633290810855
8.897795591182364,-0.9937726236235574,0.36267410059668814,9.693605986280634
8.917835671342685,-0.7057611822104571,0.2159721321173182,9.497172595372408
8.937875751503006,-0.5967242392931794,0.2950232502598341,9.477150371415457
8.957915831663327,-0.5480709936598549,0.4747450546511884,9.623405891366412
8.977955911823647,-0.2975230875279793,0.6014234678896463,9.78177664761107
8.997995991983968,-0.12858375333701477,0.6541341859860169,9.78853402842985
9.018036072144287,0.195973328538446,0.589764214550394,9.949124665965638
9.038076152304608,0.5099008355197578,0.5944541730907982,10.19093115323112
9.05811623246493,0.501818019369723,0.3441756201682574,10.092438240753596
9.07815631262525,0.7989239929118609,0.49417956194995083,10.309534394439371
9.098196392785571,0.7964023772900977,0.19999439170520195,10.024988122887885
9.118236472945892,0.8174639596049448,0.16521072147467447,9.669599226229918
9.138276553106213,0.8768002652258021,-0.07034852565828516,9.786904127453294
9.158316633266534,0.7187434832252064,-0.21044797653522665,9.63754258182648
9.178356713426853,0.6497949050905302,-0.33449141505904445,9.666072788333597
9.198396793587174,0.4237795568475901,-0.45734658516210047,9.607380378053474
9.218436873747494,0.5441567310723243,-0.516818668277613,9.593739020253055
9.238476953907815,0.13339398228310412,-0.4904914005630433,9.600465087981032
9.258517034068136,-0.16611414026211724,-0.6067429895241662,9.836452551576274
9.278557114228457,-0.29468777710580746,-0.518967402396328,9.892518249609886
9.298597194388778,-0.527322659829521,-0.5251025438507799,9.995632347875476
9.318637274549097,-0.7056336646930313,-0.26581874450663123,10.125652284505714
9.338677354709418,-0.7464463579283814,-0.3453172645707139,10.180634086275468
9.358717434869739,-0.8054749976048583,0.05208560246847263,9.946899854556031
9.37875751503006,-0.9520469945000785,0.025720697794557205,9.654951680182563
9.39879759519038,-0.9176371048840697,0.042528006483725705,9.692430738457023
9.418837675350701,-0.7943627503246686,0.34257616290592136,9.678821869338723
9.438877755511022,-0.8554752198250855,0.3850176762334818,9.46918356020299
9.458917835671341,-0.5957821011460291,0.6319593190628269,9.554779752204663
9.478957915831662,-0.09852937981710486,0.542841044270495,9.66524391496478
9.498997995991983,0.15316467245150495,0.585331714962455,9.714711448347332
9.519038076152304,0.1883638838628349,0.42310255789101414,9.989144024425272
9.539078156312625,0.4820689119100678,0.5103213251285486,10.012460987547248
9.559118236472946,0.6399100910151098,0.2216126692434999,10.110978617240058
9.579158316633267,1.0626401539537076,0.18478774869079984,9.957931096859934
9.599198396793588,0.9650634538499216,0.27674773366152344,9.9193243737996
9.619238476953907,0.8848503856714401,0.1241530794385442,9.911198423908566
9.639278557114228,0.7899970355103763,-0.06988933567950059,9.667890954337064
9.659318637274549,0.6569508929508208,-0.3600479573803913,9.767635373701427
9.67935871743487,0.7184087823780665,-0.40242342234329154,9.495668650855665
9.69939879759519,0.458857364930342,-0.5072288145429663,9.564451888329307
9.719438877755511,0.194978935716186,-0.6999457867904922,9.705674152181848
9.739478957915832,0.05398654236875504,-0.47416203875021823,9.587598384738236
9.759519038076151,-0.21555602445989397,-0.5377618434897871,9.687899365147457
9.779559118236472,-0.15795676996319286,-0.6091315011731239,9.830069891211213
9.799599198396793,-0.4371688159426208,-0.5088507346625106,10.182190199154656
9.819639278557114,-0.691651591691901,-0.38293510374752965,10.010479509281883
9.839679358717435,-0.6647992948079019,-0.4747091216123027,10.265238654204234
9.859719438877756,-0.8757216273434506,-0.14494903563572498,9.844736532137047
9.879759519038076,-0.9845191501498056,-0.030540661356049333,9.78623476309016
9.899799599198396,-0.7043361227625451,0.09300920455879723,9.796611157765524
9.919839679358716,-0.7069741382220011,0.30838852204184697,9.756771176206843
9.939879759519037,-0.7208076226417137,0.6383667288745156,9.736633138658547
9.959919839679358,-0.4534064068991172,0.6158514867367828,9.692577080282172
9.97995991983968,-0.3118217501880063,0.5530105040584717,9.772094490853922
10.0,-0.13827997309643802,0.6872582781356159,9.859252694920118
